{
  "0.4": {
    "b17_v1": 0.39285714285714285,
    "b17_v2": 0.39285714285714285,
    "b110_v1": 0.275,
    "b110_v2": 0.375,
    "axis1": 0.7,
    "axis3": 0.3
  },
  "0.5": {
    "b17_v1": 0.6071428571428571,
    "b17_v2": 0.6071428571428571,
    "b110_v1": 0.425,
    "b110_v2": 0.525,
    "axis1": 0.7,
    "axis3": 0.3
  },
  "0.6": {
    "b17_v1": 0.6785714285714286,
    "b17_v2": 0.6785714285714286,
    "b110_v1": 0.475,
    "b110_v2": 0.575,
    "axis1": 0.7,
    "axis3": 0.3
  },
  "0.7": {
    "b17_v1": 0.6785714285714286,
    "b17_v2": 0.6785714285714286,
    "b110_v1": 0.475,
    "b110_v2": 0.575,
    "axis1": 0.65,
    "axis3": 0.3
  },
  "0.8": {
    "b17_v1": 0.6785714285714286,
    "b17_v2": 0.6785714285714286,
    "b110_v1": 0.475,
    "b110_v2": 0.575,
    "axis1": 0.35,
    "axis3": 0.175
  }
}